KEYWORD,OVERALL,COMPETITION,VOLUME,SEARCH RANK
Scalping Trading Strategy,Upgrade to Pro for access,Upgrade to Pro for access,Upgrade to Pro for access,3
Scalping,Upgrade to Pro for access,Upgrade to Pro for access,Upgrade to Pro for access,1
Scalping Options Trading,Upgrade to Pro for access,Upgrade to Pro for access,Upgrade to Pro for access,1
Scalping Trading,Upgrade to Pro for access,Upgrade to Pro for access,Upgrade to Pro for access,1
Scalping Strategy,Upgrade to Pro for access,Upgrade to Pro for access,Upgrade to Pro for access,1
Option trading,Upgrade to Pro for access,Upgrade to Pro for access,Upgrade to Pro for access,56
Option Trading strategies,Upgrade to Pro for access,Upgrade to Pro for access,Upgrade to Pro for access,11
Option trading kaise karte hain,Upgrade to Pro for access,Upgrade to Pro for access,Upgrade to Pro for access,
Option trading live,Upgrade to Pro for access,Upgrade to Pro for access,Upgrade to Pro for access,
Option trading for beginners,Upgrade to Pro for access,Upgrade to Pro for access,Upgrade to Pro for access,
Options trading strategies,Upgrade to Pro for access,Upgrade to Pro for access,Upgrade to Pro for access,13
Scaling Options trading,Upgrade to Pro for access,Upgrade to Pro for access,Upgrade to Pro for access,88
Live trading,Upgrade to Pro for access,Upgrade to Pro for access,Upgrade to Pro for access,
trading for beginners,Upgrade to Pro for access,Upgrade to Pro for access,Upgrade to Pro for access,
Trading,Upgrade to Pro for access,Upgrade to Pro for access,Upgrade to Pro for access,
Trading kaise kare in Hindi,Upgrade to Pro for access,Upgrade to Pro for access,Upgrade to Pro for access,
Live Option trading,Upgrade to Pro for access,Upgrade to Pro for access,Upgrade to Pro for access,
Best indicator for option trading,Upgrade to Pro for access,Upgrade to Pro for access,Upgrade to Pro for access,
Option trading course,Upgrade to Pro for access,Upgrade to Pro for access,Upgrade to Pro for access,
Option trading full course in Hindi,Upgrade to Pro for access,Upgrade to Pro for access,Upgrade to Pro for access,
trading,Upgrade to Pro for access,Upgrade to Pro for access,Upgrade to Pro for access,